{
  "calibration_table": {
    "mean_predicted": {
      "<-2": -2.3230836256872633,
      "-2to-1": -1.3504314413719414,
      "-1to-0.5": -0.7235416802962018,
      "-0.5to0": -0.26060287150488154,
      "0to0.5": 0.2623239960362336,
      "0.5to1": 0.7181979210819578,
      "1to2": 1.4327934112964076,
      ">2": 2.4444027709721987
    },
    "mean_actual": {
      "<-2": -1.8780487804878048,
      "-2to-1": -1.074468085106383,
      "-1to-0.5": -0.7669421487603306,
      "-0.5to0": -0.28619528619528617,
      "0to0.5": 0.4053708439897698,
      "0.5to1": 0.6016260162601627,
      "1to2": 1.3297587131367292,
      ">2": 1.8595505617977528
    },
    "n": {
      "<-2": 41,
      "-2to-1": 282,
      "-1to-0.5": 605,
      "-0.5to0": 594,
      "0to0.5": 782,
      "0.5to1": 861,
      "1to2": 746,
      ">2": 178
    },
    "bias": {
      "<-2": 0.4450348451994586,
      "-2to-1": 0.27596335626555835,
      "-1to-0.5": -0.043400468464128816,
      "-0.5to0": -0.02559241469040463,
      "0to0.5": 0.14304684795353623,
      "0.5to1": -0.11657190482179514,
      "1to2": -0.10303469815967836,
      ">2": -0.5848522091744459
    }
  },
  "bins": [
    -10,
    -2,
    -1,
    -0.5,
    0,
    0.5,
    1,
    2,
    10
  ],
  "labels": [
    "<-2",
    "-2to-1",
    "-1to-0.5",
    "-0.5to0",
    "0to0.5",
    "0.5to1",
    "1to2",
    ">2"
  ]
}