{
  "version": "v2",
  "note": "FIXED: use predicted_margin + bias, NOT mean_actual",
  "calibration_table": {
    "mean_predicted": {
      "<-2": -2.3938347870456047,
      "-2to-1": -1.3255314077951328,
      "-1to-0.5": -0.714531484189068,
      "-0.5to0": -0.26017816940145383,
      "0to0.5": 0.2734798372782442,
      "0.5to1": 0.7250736021584716,
      "1to2": 1.4230959269209698,
      ">2": 2.5500726707781998
    },
    "mean_actual": {
      "<-2": -1.4545454545454546,
      "-2to-1": -1.108910891089109,
      "-1to-0.5": -0.6509433962264151,
      "-0.5to0": -0.24592833876221498,
      "0to0.5": 0.269185360094451,
      "0.5to1": 0.5850111856823266,
      "1to2": 1.408967391304348,
      ">2": 1.755813953488372
    },
    "n": {
      "<-2": 44,
      "-2to-1": 303,
      "-1to-0.5": 530,
      "-0.5to0": 614,
      "0to0.5": 847,
      "0.5to1": 894,
      "1to2": 736,
      ">2": 172
    },
    "bias": {
      "<-2": 0.9392893325001501,
      "-2to-1": 0.21662051670602378,
      "-1to-0.5": 0.06358808796265292,
      "-0.5to0": 0.014249830639238847,
      "0to0.5": -0.004294477183793222,
      "0.5to1": -0.14006241647614504,
      "1to2": -0.014128535616621862,
      ">2": -0.7942587172898277
    }
  },
  "global_bias": -0.03054311455734304,
  "bins": [
    -10,
    -2,
    -1,
    -0.5,
    0,
    0.5,
    1,
    2,
    10
  ],
  "labels": [
    "<-2",
    "-2to-1",
    "-1to-0.5",
    "-0.5to0",
    "0to0.5",
    "0.5to1",
    "1to2",
    ">2"
  ]
}