{
  "team_bias": {
    "Angers": -0.2762841724748411,
    "Monaco": 0.0825794717317374,
    "Paris SG": -0.23605571719069898,
    "Lyon": -0.1478508916679059,
    "Espanol": 0.03503200168862396,
    "Marseille": -0.09052913617697038,
    "Nimes": -0.1061470486465068,
    "Toulouse": -0.43974462772944367,
    "Nantes": -0.2104773541004623,
    "West Ham": 0.1283543393505094,
    "Bayern Munich": 0.19489296782606622,
    "Freiburg": 0.3636308649218407,
    "Leganes": -0.1357580524045416,
    "Barcelona": -0.0232570733016095,
    "St Etienne": -0.3501889571448241,
    "Lille": -0.06985569011788055,
    "Eibar": -0.13634549883549485,
    "Union Berlin": 0.2767392550936318,
    "Mallorca": 0.12286809712082342,
    "Getafe": 0.03397635863166849,
    "Metz": -0.0923021746965583,
    "Reims": -0.10694902649539217,
    "Chelsea": -0.4130098454613917,
    "Wolves": -0.011062130719617468,
    "Parma": 0.07945939728500201,
    "Udinese": -0.04298862604641936,
    "Hoffenheim": -0.06065993620484921,
    "Ath Bilbao": 0.11751238320575963,
    "Man United": -0.15095714155741038,
    "Sevilla": -0.18411258662106803,
    "Alaves": 0.05881917226182379,
    "Mainz": 0.18339336837205503,
    "Villarreal": 0.0545628829974788,
    "Genoa": 0.04283599623077196,
    "Burnley": -0.17547207010099336,
    "Brest": 0.36304365827425933,
    "Inter": 0.2086547167201797,
    "Leverkusen": -0.019518315644660403,
    "Strasbourg": 0.1392300904732805,
    "Celta": -0.012243470716100279,
    "Rennes": 0.3403146680326207,
    "Granada": 0.10731987234339917,
    "Wolfsburg": -0.12437397041319032,
    "Torino": -0.2580860013077687,
    "Roma": 0.19408853889427427,
    "Betis": 0.17302541841071528,
    "Real Madrid": 0.21495123945776823,
    "Sociedad": -0.23908969276776512,
    "Sassuolo": -0.05822769130001224,
    "Sampdoria": 0.06542624016116669,
    "Juventus": -0.10565290271298529,
    "Cagliari": -0.0545106819671155,
    "Dijon": 0.01465254962879184,
    "Dortmund": 0.26737506949848655,
    "Bournemouth": -0.022233490316297688,
    "Levante": 0.40578012564071886,
    "Man City": 0.12529399714419703,
    "RB Leipzig": 0.04364633530066463,
    "Ein Frankfurt": 0.24645360531476518,
    "Aston Villa": 0.22574727641856887,
    "Brighton": -0.19811920671997083,
    "Milan": 0.029372558787641053,
    "Osasuna": -0.10667106691509474,
    "Atalanta": -0.08146618708956047,
    "Nice": 0.06458425500853346,
    "Bordeaux": 0.14083078904275625,
    "Augsburg": 0.0778928531348169,
    "Norwich": -0.6264419775064971,
    "FC Koln": -0.09809280490522032,
    "Napoli": -0.19241424516889977,
    "Schalke 04": -0.48717854852320713,
    "Hertha": -0.1615012748048294,
    "Tottenham": 0.08602191714487312,
    "Leicester": -0.043701615616464726,
    "Valencia": 0.32248592821431193,
    "Southampton": -0.2032767860539405,
    "Ath Madrid": 0.3619457980257089,
    "M'gladbach": 0.09674485009560958,
    "Montpellier": -0.08153334696833729,
    "Arsenal": 0.05379894067384846,
    "Everton": -0.15445364389219568,
    "Watford": -0.4488851310741657,
    "Werder Bremen": -0.2663705138827534,
    "Bologna": 0.2956001560144998,
    "Valladolid": -0.35120109507182745,
    "Verona": -0.07919838872563871,
    "Fiorentina": 0.06518795428631441,
    "Liverpool": 0.13449842783247082,
    "Lazio": 0.1130085472014366,
    "Crystal Palace": 0.15966490899718058,
    "Sheffield United": -0.2729921881816092,
    "Newcastle": 0.40155300015338585,
    "Lecce": -0.25312861343715026,
    "Lorient": 0.23010821281544136,
    "Fulham": 0.025456006956379087,
    "Spezia": 0.18932012961764325,
    "Lens": -0.03782033159036924,
    "Bielefeld": -0.010036525896760495,
    "Cadiz": 0.06005222042889758,
    "Leeds": -0.43746756684909527,
    "Elche": 0.35229345428273656,
    "Stuttgart": 0.040704009176008416,
    "Empoli": -0.13938027005451895,
    "Clermont": -0.3973068141425339,
    "Vallecano": -0.3665958791771126,
    "Salernitana": -0.1757935403425136,
    "Brentford": 0.193788741003822,
    "Troyes": -0.04193161384567541,
    "Bochum": 0.1028529853954972,
    "Venezia": 0.013180746753281035,
    "Nott'm Forest": 0.494291133068803,
    "Monza": 0.10656284952658306,
    "Girona": 0.2072392943008269,
    "Almeria": 0.01399077187859831,
    "Auxerre": 0.24180424658468772,
    "Le Havre": -0.477897334570709,
    "Las Palmas": -0.036882709284045606,
    "Heidenheim": -0.25251890662445087,
    "Como": 0.3468606757056768
  },
  "overall_bias": -0.028091082327929794,
  "n_teams_calibrated": 119,
  "min_matches_threshold": 15
}